<?xml version="1.0" encoding="UTF-8"?>
<beans xmlns="http://www.springframework.org/schema/beans"
	xmlns:xsi="http://www.w3.org/2001/XMLSchema-instance"
	xmlns:context="http://www.springframework.org/schema/context"
	xmlns:mvc="http://www.springframework.org/schema/mvc"
	xsi:schemaLocation="
		http://www.springframework.org/schema/beans
    	http://www.springframework.org/schema/beans/spring-beans.xsd
    	http://www.springframework.org/schema/context
    	http://www.springframework.org/schema/context/spring-context.xsd
    	http://www.springframework.org/schema/mvc
        http://www.springframework.org/schema/mvc/spring-mvc.xsd">

	<!-- Step 3: Add support for component scanning -->
	<context:component-scan
		base-package="comm.example.springdemo" />

	<!-- Step 4: Add support for conversion, formatting and validation support -->


	<mvc:annotation-driven />
	<!-- Step 5: Define Spring MVC view resolver -->
	<bean
		class="org.springframework.web.servlet.view.InternalResourceViewResolver">
		<property name="prefix" value="/WEB-INF/jsp/" />
		<property name="suffix" value=".jsp" />
	</bean>
	<!-- Step 5: Define jdbc template -->
	<bean name="dataSource"
		class="org.springframework.jdbc.datasource.DriverManagerDataSource">

		<property name="driverClassName"
			value="com.mysql.jdbc.Driver" />
		<property name="url"
			value="jdbc:mysql://localhost:3306/sonali" />
		<property name="username" value="root" />
		<property name="password" value="root" />

	</bean>

	<bean name="jdbcTemplate"
		class="org.springframework.jdbc.core.JdbcTemplate">


		<property name="dataSource" ref="dataSource" />


	</bean>
	<bean name="dao" class="comm.example.springdemo.StudentDaoImpl">
		<property name="jdbcTemplate" ref="jdbcTemplate" />

	</bean>

</beans>





